<?xml version="1.0" encoding="utf-8"?>
<!--/425030/1315552/2.50/2/4/Diode/-->
<quadcept_library>
  <setting unit="mil" />
  <textstyle name="Default" height="47.244094488189" strokewidth="7.8740157480315" charwidth="47.244094488189" />
  <textstyle name="Dimension" height="19.6850393700787" strokewidth="0" charwidth="19.6850393700787" />
  <textstyle name="H127W0635TH00762" height="50" strokewidth="3" charwidth="25" />
  <textstyle name="H15W15TH02" height="59.0551181102362" strokewidth="7.8740157480315" charwidth="59.0551181102362" />
  <padstyle name="r224_176" surface="True" plated="False" isvia="False" nopaste="False" nomask="True" complex="False" holesize="0">
    <padshape layer="TOP" shape="rectangle" width="69.291338582676" height="88.188976377952" />
    <padshape layer="TOP_SOLDER_MASK" shape="rectangle" width="77.165354330708" height="96.062992125983" />
    <padshape layer="TOP_SOLDER_PASTE" shape="rectangle" width="69.291338582676" height="88.188976377952" />
  </padstyle>
  <footprint name="SODFL5436X110N" originx="0" originy="0" pickpointx="0" pickpointy="0">
    <pcbpin number="1" name="1" style="r224_176" originx="-83.661417322834" originy="0" rotation="0" />
    <pcbpin number="2" name="2" style="r224_176" originx="83.661417322834" originy="0" rotation="0" />
    <line layer="TOP_PLACE_BOUND" originx="-124.2125984252" originy="83.661417322834" endx="124.2125984252" endy="83.661417322834" width="1.9685039370079" />
    <line layer="TOP_PLACE_BOUND" originx="124.2125984252" originy="83.661417322834" endx="124.2125984252" endy="-83.661417322834" width="1.9685039370079" />
    <line layer="TOP_PLACE_BOUND" originx="124.2125984252" originy="-83.661417322834" endx="-124.2125984252" endy="-83.661417322834" width="1.9685039370079" />
    <line layer="TOP_PLACE_BOUND" originx="-124.2125984252" originy="-83.661417322834" endx="-124.2125984252" endy="83.661417322834" width="1.9685039370079" />
    <line layer="TOP_ASSEMBLY" originx="-85.118110236219" originy="71.338582677164" endx="85.118110236219" endy="71.338582677164" width="3.9370078740157" />
    <line layer="TOP_ASSEMBLY" originx="85.118110236219" originy="71.338582677164" endx="85.118110236219" endy="-71.338582677164" width="3.9370078740157" />
    <line layer="TOP_ASSEMBLY" originx="85.118110236219" originy="-71.338582677164" endx="-85.118110236219" endy="-71.338582677164" width="3.9370078740157" />
    <line layer="TOP_ASSEMBLY" originx="-85.118110236219" originy="-71.338582677164" endx="-85.118110236219" endy="71.338582677164" width="3.9370078740157" />
    <line layer="TOP_ASSEMBLY" originx="-85.118110236219" originy="36.692913385826" endx="-50.472440944881" endy="71.338582677164" width="3.9370078740157" />
    <line layer="TOP_SILKSCREEN" originx="-118.30708661417" originy="71.338582677164" endx="85.118110236219" endy="71.338582677164" width="7.8740157480314" />
    <line layer="TOP_SILKSCREEN" originx="-85.118110236219" originy="-71.338582677164" endx="85.118110236219" endy="-71.338582677164" width="7.8740157480314" />
  </footprint>
  <symbol name="STPS3L40UF" originx="0" originy="0">
    <line originx="200" originy="100" endx="200" endy="-100" width="0" />
    <line originx="100" originy="0" endx="200" endy="0" width="0" />
    <line originx="400" originy="0" endx="500" endy="0" width="0" />
    <sympin number="1" originx="100" originy="0" rotation="180" length="100" width="7.8740157480315" flipped="False">
      <text name="pinname" originx="140" originy="10" style="Default" rotation="0" justify="left" flipped="False" hidden="True" data="K" />
      <text name="pindes" originx="60" originy="10" style="Default" rotation="0" justify="lowerright" flipped="False" hidden="False" data="1" />
    </sympin>
    <sympin number="2" originx="500" originy="0" rotation="0" length="100" width="7.8740157480315" flipped="False">
      <text name="pinname" originx="460" originy="10" style="Default" rotation="0" justify="right" flipped="False" hidden="True" data="A" />
      <text name="pindes" originx="540" originy="10" style="Default" rotation="0" justify="lowerleft" flipped="False" hidden="False" data="2" />
    </sympin>
    <polygon type="polygon">
      <point x="200" y="0" />
      <point x="400" y="100" />
      <point x="400" y="-100" />
    </polygon>
  </symbol>
  <component name="STPS3L40UF" designatorprefix="D" height="43.307086614173" footprint="SODFL5436X110N">
    <comppin designator="1" sympin="1" pinswap="0" gateswap="0" gate="1" group="1" side="" type="Any" name="K" />
    <comppin designator="2" sympin="2" pinswap="0" gateswap="0" gate="1" group="1" side="" type="Any" name="A" />
    <attached_symbol gate="1" name="STPS3L40UF" />
    <pinmap designator="1" footprintpin="1" />
    <pinmap designator="2" footprintpin="2" />
    <text name="Datasheet" originx="0" originy="0" style="Default" rotation="0" justify="" flipped="False" hidden="True" data="https://componentsearchengine.com/Datasheets/2/STPS3L40UF.pdf" />
    <text name="Description" originx="0" originy="0" style="Default" rotation="0" justify="" flipped="False" hidden="True" data="STMicroelectronics STPS3L40UF, SMT Schottky Diode, 40V 3A, 2-Pin SMBflat" />
    <text name="TME Electronic Components Part Number" originx="0" originy="0" style="Default" rotation="0" justify="" flipped="False" hidden="True" data="" />
    <text name="TME Electronic Components Price/Stock" originx="0" originy="0" style="Default" rotation="0" justify="" flipped="False" hidden="True" data="" />
    <text name="Manufacturer_Name" originx="0" originy="0" style="Default" rotation="0" justify="" flipped="False" hidden="True" data="STMicroelectronics" />
    <text name="Manufacturer_Part_Number" originx="450" originy="100" style="Default" rotation="0" justify="left" flipped="False" hidden="False" data="STPS3L40UF" />
  </component>
</quadcept_library>
